file,time_steps,duration_s,active_cells,total_events,random_intercepted,random_isr,random_mean_delay_s,random_unique_bands,greedy_intercepted,greedy_isr,greedy_mean_delay_s,greedy_unique_bands,neural_intercepted,neural_isr,neural_mean_delay_s,neural_median_delay_s,neural_max_delay_s,neural_unique_bands_hit,neural_unique_bands_scanned,neural_scan_hit_rate,oracle_intercepted,oracle_isr,oracle_mean_delay_s,oracle_schedule_scans,neural_vs_oracle_capture,neural_common_events_with_oracle,neural_common_delay_s,oracle_delay_on_neural_common_s,neural_common_excess_delay_s,random_vs_oracle_capture,greedy_vs_oracle_capture,random_common_excess_delay_s,greedy_common_excess_delay_s
config_0.h5,589,29.450000000000003,453,24,8,0.3333333333333333,1.34375,2,4,0.16666666666666666,0.0,1,10,0.4166666666666667,0.7,0.8,1.4000000000000001,2,36,0.02546689286828041,24,1.0,0.006250000000000001,24,0.4166666666666667,10,0.7,0.005,0.695,0.3333333333333333,0.16666666666666666,1.3375,0.0
config_1.h5,585,29.25,5233,234,52,0.2222222222222222,0.6048076923076923,12,12,0.05128205128205128,0.0,1,116,0.49572649572649574,0.1616379310344828,0.05,1.55,12,36,0.4752136766910553,228,0.9743589743589743,0.015350877192982455,228,0.5087719298245614,115,0.1630434782608696,0.023043478260869565,0.14000000000000004,0.22807017543859648,0.05263157894736842,0.5596153846153847,-0.016666666666666666
config_10.h5,597,29.85,4617,280,47,0.16785714285714284,0.5617021276595745,13,5,0.017857142857142856,0.0,1,74,0.2642857142857143,0.2702702702702703,0.05,2.75,11,36,0.24455611407756805,269,0.9607142857142857,0.013568773234200745,269,0.275092936802974,72,0.2777777777777778,0.01666666666666667,0.2611111111111111,0.17472118959107807,0.01858736059479554,0.5611111111111112,-0.05
config_100.h5,704,35.2,7826,420,69,0.16428571428571428,0.7159420289855073,18,1,0.002380952380952381,0.0,1,89,0.2119047619047619,0.19606741573033712,0.1,1.7000000000000002,13,36,0.8025568127632141,396,0.9428571428571428,0.05202020202020202,396,0.22474747474747475,87,0.20057471264367818,0.10977011494252874,0.09080459770114944,0.17424242424242425,0.0025252525252525255,0.6028985507246377,0.0
config_101.h5,599,29.950000000000003,6684,172,34,0.19767441860465115,0.8352941176470589,14,1,0.005813953488372093,0.0,1,72,0.4186046511627907,0.21180555555555558,0.0,2.45,14,36,0.6944907903671265,163,0.9476744186046512,0.012269938650306749,163,0.44171779141104295,71,0.21478873239436622,0.01830985915492958,0.19647887323943664,0.2085889570552147,0.006134969325153374,0.8044117647058823,0.0
config_102.h5,600,30.0,7666,365,46,0.12602739726027398,0.6152173913043479,18,2,0.005479452054794521,0.0,1,60,0.1643835616438356,0.32583333333333336,0.1,2.4000000000000004,13,36,0.7350000143051147,311,0.852054794520548,0.01864951768488746,311,0.19292604501607716,60,0.3258333333333334,0.025000000000000005,0.3008333333333334,0.14790996784565916,0.006430868167202572,0.5965909090909091,0.0
config_103.h5,595,29.75,7251,177,33,0.1864406779661017,0.9424242424242425,15,2,0.011299435028248588,0.0,1,49,0.2768361581920904,0.7877551020408164,0.25,9.600000000000001,14,36,0.7445378303527832,164,0.9265536723163842,0.009146341463414634,164,0.29878048780487804,47,0.8212765957446809,0.02021276595744681,0.8010638297872341,0.20121951219512196,0.012195121951219513,0.9515625000000001,0.0
config_104.h5,598,29.900000000000002,7741,472,42,0.08898305084745763,0.3488095238095238,17,1,0.00211864406779661,0.0,1,112,0.23728813559322035,0.38392857142857145,0.05,17.0,13,36,0.7675585150718689,411,0.8707627118644068,0.019708029197080295,411,0.2725060827250608,109,0.3935779816513762,0.033486238532110094,0.3600917431192661,0.10218978102189781,0.0024330900243309003,0.3345238095238095,0.0
config_105.h5,598,29.900000000000002,7943,674,59,0.08753709198813056,0.45508474576271185,17,3,0.004451038575667656,0.0,1,110,0.1632047477744807,0.16909090909090913,0.05,1.4500000000000002,17,36,0.7541806101799011,526,0.7804154302670623,0.03650190114068442,526,0.20912547528517111,101,0.1782178217821782,0.09009900990099014,0.08811881188118807,0.11216730038022814,0.005703422053231939,0.42346938775510207,-0.06666666666666667
